year,gpu_trans_count
1997 ,3500000 
1999 ,8000000 
1999 ,23000000 
1999 ,15000000 
2000 ,20000000 
2000 ,25000000 
2000 ,30000000 
2001 ,57000000 
2001 ,60000000 
2002 ,63000000 
2002 ,107000000 
2003 ,135000000 
2003 ,117000000 
2004 ,222000000 
2004 ,160000000 
2005 ,303000000 
2005 ,321000000 
2006 ,681000000 
2006 ,384000000 
2007 ,289000000 
2007 ,210000000 
2007 ,754000000 
2007 ,700000000 
2008 ,505000000 
2008 ,314000000 
2008 ,210000000 
2008 ,1400000000 
2008 ,1400000000 
2008 ,666000000 
2008 ,242000000 
2008 ,514000000 
2008 ,956000000 
2008 ,959000000 
2009 ,727000000 
2009 ,486000000 
2009 ,260000000 
2009 ,1040000000 
2009 ,826000000 
2009 ,2154000000 
2010 ,1170000000 
2010 ,1700000000 
2010 ,2640000000 
2010 ,627000000 
2010 ,292000000 
2010 ,3000000000 
2010 ,3200000000 
2011 ,1950000000 
2011 ,585000000 
2011 ,292000000 
2011 ,370000000 
2011 ,716000000 
2011 ,4312711873 
2012 ,3540000000 
2012 ,2540000000 
2012 ,1270000000 
2012 ,1500000000 
2012 ,2800000000 
2012 ,7080000000 
2013 ,2080000000 
2013 ,1040000000 
2013 ,6300000000 
2014 ,1870000000 
2014 ,5200000000 
2014 ,2940000000 
2014 ,5000000000 
2015 ,8000000000 
2015 ,8900000000 
2016 ,15300000000 
2016 ,12000000000 
2016 ,7200000000 
2016 ,4400000000 
2016 ,3000000000 
2016 ,5700000000 
2017 ,3300000000 
2017 ,1850000000 
2017 ,21100000000 
2017 ,2200000000 
2017 ,12500000000 
